Species;PictureNumberTrain;IndividualPlantNumberTrain;PictureNumberTest;IndividualPlantNumberTest;PictureNumberAll;IndividualPlantNumberAll;1366945452806__MICA-run1_OfficialScore_InverseRank;1366971577662__MICA-run2_OfficialScore_InverseRank;1367338673606__outputCLEFTestMean_OfficialScore_InverseRank;1367338771296__outputCLEFTestMax_OfficialScore_InverseRank;1367592085169__LAPI_run1_OfficialScore_InverseRank;1367925811122__plantnet_inria_run1_OfficialScore_InverseRank;1367926056487__plantnet_inria_run2_OfficialScore_InverseRank;1367926326223__plantnet_inria_run3_OfficialScore_InverseRank;1367946058774__LirisReVeS_run1_OfficialScore_InverseRank;1367946215062__LirisReVeS_run2_OfficialScore_InverseRank;1367974757413__SCG USP_run1_OfficialScore_InverseRank;1367975837452__SCG USP_run2_OfficialScore_InverseRank;1368002237443__AgSPPR_run1_OfficialScore_InverseRank;1368028158605__run_wiki_sum_3_OfficialScore_InverseRank;1368030128394__run_author10_GSP10_lire80_OfficialScore_InverseRank;1368030994722__run_lire_naivebayes_OfficialScore_InverseRank;1368031342488__run_wiki_max_1_OfficialScore_InverseRank;1368032808839__all_siftcopphsv_cca_OfficialScore_InverseRank;1368033933190__SCG USP_run3_OfficialScore_InverseRank;1368034466828__new_100_OfficialScore_InverseRank;1368038646069__DBISForMaT_run1_train2012_svm_Scan4_Photo2_1_2_3_OfficialScore_InverseRank;1368038721036__DBISForMaT_run2_train2012_svm_Scan12_Photo4_-_1_4_OfficialScore_InverseRank;1368041641333__run2_OfficialScore_InverseRank;1368041861286__run3_OfficialScore_InverseRank;1368045672892__DBISForMaT_run3_crossval2013_svm_feature4_config60_1_2_3_OfficialScore_InverseRank;1368045820175__DBISForMaT_run4_crossval2013_svm_feature5_config80_Photo14_1_3_3_OfficialScore_InverseRank;1368049985079__plantnet_inria_run4_OfficialScore_InverseRank;1368050270540__SCG USP_run4_OfficialScore_InverseRank;1368063045390__AgSPPR_run2_OfficialScore_InverseRank;1368066775910__AgSPPR_run3_OfficialScore_InverseRank;1368093262111__Run3_OfficialScore_InverseRank;1368163545166__Sabanci-Okan-Run1_OfficialScore_InverseRank;1368165605197__new2_100_OfficialScore_InverseRank;1366945452806__MICA-run1_OfficialScore_Top1AsImageCLEF2011;1366971577662__MICA-run2_OfficialScore_Top1AsImageCLEF2011;1367338673606__outputCLEFTestMean_OfficialScore_Top1AsImageCLEF2011;1367338771296__outputCLEFTestMax_OfficialScore_Top1AsImageCLEF2011;1367592085169__LAPI_run1_OfficialScore_Top1AsImageCLEF2011;1367925811122__plantnet_inria_run1_OfficialScore_Top1AsImageCLEF2011;1367926056487__plantnet_inria_run2_OfficialScore_Top1AsImageCLEF2011;1367926326223__plantnet_inria_run3_OfficialScore_Top1AsImageCLEF2011;1367946058774__LirisReVeS_run1_OfficialScore_Top1AsImageCLEF2011;1367946215062__LirisReVeS_run2_OfficialScore_Top1AsImageCLEF2011;1367974757413__SCG USP_run1_OfficialScore_Top1AsImageCLEF2011;1367975837452__SCG USP_run2_OfficialScore_Top1AsImageCLEF2011;1368002237443__AgSPPR_run1_OfficialScore_Top1AsImageCLEF2011;1368028158605__run_wiki_sum_3_OfficialScore_Top1AsImageCLEF2011;1368030128394__run_author10_GSP10_lire80_OfficialScore_Top1AsImageCLEF2011;1368030994722__run_lire_naivebayes_OfficialScore_Top1AsImageCLEF2011;1368031342488__run_wiki_max_1_OfficialScore_Top1AsImageCLEF2011;1368032808839__all_siftcopphsv_cca_OfficialScore_Top1AsImageCLEF2011;1368033933190__SCG USP_run3_OfficialScore_Top1AsImageCLEF2011;1368034466828__new_100_OfficialScore_Top1AsImageCLEF2011;1368038646069__DBISForMaT_run1_train2012_svm_Scan4_Photo2_1_2_3_OfficialScore_Top1AsImageCLEF2011;1368038721036__DBISForMaT_run2_train2012_svm_Scan12_Photo4_-_1_4_OfficialScore_Top1AsImageCLEF2011;1368041641333__run2_OfficialScore_Top1AsImageCLEF2011;1368041861286__run3_OfficialScore_Top1AsImageCLEF2011;1368045672892__DBISForMaT_run3_crossval2013_svm_feature4_config60_1_2_3_OfficialScore_Top1AsImageCLEF2011;1368045820175__DBISForMaT_run4_crossval2013_svm_feature5_config80_Photo14_1_3_3_OfficialScore_Top1AsImageCLEF2011;1368049985079__plantnet_inria_run4_OfficialScore_Top1AsImageCLEF2011;1368050270540__SCG USP_run4_OfficialScore_Top1AsImageCLEF2011;1368063045390__AgSPPR_run2_OfficialScore_Top1AsImageCLEF2011;1368066775910__AgSPPR_run3_OfficialScore_Top1AsImageCLEF2011;1368093262111__Run3_OfficialScore_Top1AsImageCLEF2011;1368163545166__Sabanci-Okan-Run1_OfficialScore_Top1AsImageCLEF2011;1368165605197__new2_100_OfficialScore_Top1AsImageCLEF2011;
Acer campestre;122;19;48;4;170;23;0,002;0,002;0,000;0,000;0,027;0,704;0,667;0,750;0,454;0,258;0,045;0,045;0,039;0,017;0,022;0,393;0,036;0,389;0,107;0,000;0,167;0,031;0,425;0,425;0,146;0,042;0,733;0,015;0,229;0,027;0,520;0,780;0,000;0,000;0,000;0,000;0,000;0,000;0,667;0,667;0,667;0,333;0,000;0,010;0,010;0,000;0,000;0,000;0,183;0,000;0,250;0,000;0,000;0,167;0,031;0,312;0,312;0,146;0,042;0,667;0,000;0,114;0,000;0,520;0,672;0,000;
Acer monspessulanum;131;11;26;3;157;14;0,025;0,025;0,000;0,000;0,344;0,750;0,583;1,000;0,550;0,556;0,067;0,067;0,019;0,194;0,221;0,234;0,193;0,546;0,021;0,000;0,150;0,267;0,913;0,913;0,150;0,283;0,750;0,029;0,467;0,000;0,550;0,575;0,000;0,000;0,000;0,000;0,000;0,283;0,500;0,500;1,000;0,500;0,500;0,050;0,050;0,000;0,050;0,100;0,217;0,150;0,467;0,000;0,000;0,150;0,267;0,883;0,883;0,150;0,283;0,500;0,000;0,417;0,000;0,550;0,267;0,000;
Acer negundo;95;6;6;3;101;9;0,091;0,091;0,000;0,000;0,167;0,750;0,750;0,708;0,370;0,370;0,022;0,022;0,073;0,130;0,137;0,452;0,351;0,653;0,083;0,000;0,333;0,333;0,653;0,653;0,333;0,333;0,492;0,005;0,336;0,000;0,833;0,850;0,000;0,000;0,000;0,000;0,000;0,167;0,667;0,667;0,667;0,333;0,333;0,000;0,000;0,000;0,000;0,000;0,333;0,333;0,333;0,000;0,000;0,333;0,333;0,333;0,333;0,333;0,333;0,333;0,000;0,333;0,000;0,833;0,750;0,000;
Acer opalus;49;5;13;3;62;8;0,073;0,073;0,000;0,000;0,343;1,000;1,000;0,583;0,481;0,447;0,004;0,004;0,045;0,156;0,193;0,215;0,209;0,532;0,000;0,000;0,267;0,333;0,585;0,585;0,267;0,333;0,778;0,000;0,122;0,033;0,333;0,659;0,000;0,000;0,000;0,000;0,000;0,295;1,000;1,000;0,333;0,333;0,333;0,000;0,000;0,000;0,067;0,067;0,200;0,200;0,333;0,000;0,000;0,267;0,333;0,314;0,314;0,267;0,333;0,667;0,000;0,067;0,000;0,333;0,476;0,000;
Acer platanoides;51;7;7;6;58;13;0,000;0,000;0,000;0,000;0,417;1,000;1,000;0,958;0,194;0,139;0,009;0,009;0,051;0,034;0,038;0,055;0,424;0,882;0,025;0,000;0,333;0,333;0,885;0,885;0,333;0,333;0,896;0,026;0,335;0,000;0,500;0,906;0,000;0,000;0,000;0,000;0,000;0,333;1,000;1,000;0,917;0,167;0,083;0,000;0,000;0,000;0,000;0,000;0,000;0,333;0,833;0,000;0,000;0,333;0,333;0,833;0,833;0,333;0,333;0,833;0,000;0,333;0,000;0,500;0,875;0,000;
Acer pseudoplatanus;29;7;3;2;32;9;0,000;0,000;0,000;0,000;0,000;0,167;0,556;0,500;0,625;0,625;0,008;0,008;0,000;0,017;0,011;0,055;0,025;0,184;0,037;0,000;0,000;0,000;0,375;0,375;0,000;0,000;0,417;0,000;0,057;0,000;0,000;0,563;0,000;0,000;0,000;0,000;0,000;0,000;0,000;0,500;0,500;0,500;0,500;0,000;0,000;0,000;0,000;0,000;0,000;0,000;0,000;0,000;0,000;0,000;0,000;0,000;0,000;0,000;0,000;0,000;0,000;0,000;0,000;0,000;0,500;0,000;
Acer saccharinum;34;4;12;2;46;6;0,029;0,029;0,000;0,000;0,750;1,000;1,000;0,625;0,042;0,042;0,000;0,000;0,013;0,043;0,034;0,035;0,136;0,333;0,000;0,000;0,050;0,150;0,418;0,418;0,050;0,200;0,333;0,005;0,000;0,000;0,400;1,000;0,000;0,000;0,000;0,000;0,000;0,750;1,000;1,000;0,500;0,000;0,000;0,000;0,000;0,000;0,000;0,000;0,000;0,100;0,250;0,000;0,000;0,050;0,150;0,250;0,250;0,050;0,200;0,000;0,000;0,000;0,000;0,400;1,000;0,000;
Adonis annua;0;0;0;0;0;0;;;;;;;;;;;;;;;;;;;;;;;;;;;;;;;;;;;;;;;;;;;;;;;;;;;;;;;;;;;;;;;;;;;
Aesculus hippocastanum;45;9;0;0;45;9;;;;;;;;;;;;;;;;;;;;;;;;;;;;;;;;;;;;;;;;;;;;;;;;;;;;;;;;;;;;;;;;;;;
Agrimonia eupatoria;0;0;0;0;0;0;;;;;;;;;;;;;;;;;;;;;;;;;;;;;;;;;;;;;;;;;;;;;;;;;;;;;;;;;;;;;;;;;;;
Ailanthus altissima;75;3;0;0;75;3;;;;;;;;;;;;;;;;;;;;;;;;;;;;;;;;;;;;;;;;;;;;;;;;;;;;;;;;;;;;;;;;;;;
Albizia julibrissin;47;2;0;0;47;2;;;;;;;;;;;;;;;;;;;;;;;;;;;;;;;;;;;;;;;;;;;;;;;;;;;;;;;;;;;;;;;;;;;
Allium triquetrum;0;0;0;0;0;0;;;;;;;;;;;;;;;;;;;;;;;;;;;;;;;;;;;;;;;;;;;;;;;;;;;;;;;;;;;;;;;;;;;
Alnus cordata;73;6;0;0;73;6;;;;;;;;;;;;;;;;;;;;;;;;;;;;;;;;;;;;;;;;;;;;;;;;;;;;;;;;;;;;;;;;;;;
Alnus glutinosa;42;5;0;0;42;5;;;;;;;;;;;;;;;;;;;;;;;;;;;;;;;;;;;;;;;;;;;;;;;;;;;;;;;;;;;;;;;;;;;
Amelanchier ovalis;0;0;0;0;0;0;;;;;;;;;;;;;;;;;;;;;;;;;;;;;;;;;;;;;;;;;;;;;;;;;;;;;;;;;;;;;;;;;;;
Anacamptis morio;0;0;0;0;0;0;;;;;;;;;;;;;;;;;;;;;;;;;;;;;;;;;;;;;;;;;;;;;;;;;;;;;;;;;;;;;;;;;;;
Anacamptis pyramidalis;0;0;0;0;0;0;;;;;;;;;;;;;;;;;;;;;;;;;;;;;;;;;;;;;;;;;;;;;;;;;;;;;;;;;;;;;;;;;;;
Anemone hepatica;0;0;0;0;0;0;;;;;;;;;;;;;;;;;;;;;;;;;;;;;;;;;;;;;;;;;;;;;;;;;;;;;;;;;;;;;;;;;;;
Anemone nemorosa;0;0;0;0;0;0;;;;;;;;;;;;;;;;;;;;;;;;;;;;;;;;;;;;;;;;;;;;;;;;;;;;;;;;;;;;;;;;;;;
Aphyllanthes monspeliensis;0;0;0;0;0;0;;;;;;;;;;;;;;;;;;;;;;;;;;;;;;;;;;;;;;;;;;;;;;;;;;;;;;;;;;;;;;;;;;;
Aquilegia vulgaris;0;0;0;0;0;0;;;;;;;;;;;;;;;;;;;;;;;;;;;;;;;;;;;;;;;;;;;;;;;;;;;;;;;;;;;;;;;;;;;
Arbutus unedo;113;15;53;3;166;18;0,004;0,004;0,000;0,000;0,311;1,000;1,000;1,000;0,556;1,000;0,084;0,084;0,003;0,346;0,358;0,196;0,359;0,910;0,137;0,000;0,471;0,397;1,000;1,000;0,455;0,485;1,000;0,004;0,069;0,000;0,671;0,928;0,000;0,000;0,000;0,000;0,000;0,289;1,000;1,000;1,000;0,333;1,000;0,000;0,000;0,000;0,091;0,091;0,076;0,227;0,827;0,015;0,000;0,471;0,397;1,000;1,000;0,455;0,485;1,000;0,000;0,000;0,000;0,671;0,861;0,000;
Aristolochia clematitis;4;1;0;0;4;1;;;;;;;;;;;;;;;;;;;;;;;;;;;;;;;;;;;;;;;;;;;;;;;;;;;;;;;;;;;;;;;;;;;
Aristolochia pistolochia;0;0;0;0;0;0;;;;;;;;;;;;;;;;;;;;;;;;;;;;;;;;;;;;;;;;;;;;;;;;;;;;;;;;;;;;;;;;;;;
Asphodelus cerasiferus;0;0;0;0;0;0;;;;;;;;;;;;;;;;;;;;;;;;;;;;;;;;;;;;;;;;;;;;;;;;;;;;;;;;;;;;;;;;;;;
Asplenium scolopendrium;0;0;0;0;0;0;;;;;;;;;;;;;;;;;;;;;;;;;;;;;;;;;;;;;;;;;;;;;;;;;;;;;;;;;;;;;;;;;;;
Aster alpinus;0;0;0;0;0;0;;;;;;;;;;;;;;;;;;;;;;;;;;;;;;;;;;;;;;;;;;;;;;;;;;;;;;;;;;;;;;;;;;;
Bellevalia romana;0;0;0;0;0;0;;;;;;;;;;;;;;;;;;;;;;;;;;;;;;;;;;;;;;;;;;;;;;;;;;;;;;;;;;;;;;;;;;;
Berberis vulgaris;0;0;0;0;0;0;;;;;;;;;;;;;;;;;;;;;;;;;;;;;;;;;;;;;;;;;;;;;;;;;;;;;;;;;;;;;;;;;;;
Betula pendula;111;12;16;4;127;16;0,045;0,045;0,000;0,000;0,000;1,000;0,875;1,000;0,532;0,535;0,011;0,011;0,054;0,293;0,276;0,070;0,098;0,969;0,091;0,000;0,094;0,302;0,886;0,886;0,031;0,281;0,875;0,027;0,144;0,043;0,177;0,701;0,000;0,000;0,000;0,000;0,000;0,000;1,000;0,750;1,000;0,500;0,500;0,000;0,000;0,000;0,188;0,188;0,000;0,000;0,938;0,000;0,000;0,094;0,302;0,792;0,792;0,031;0,281;0,750;0,000;0,000;0,000;0,177;0,542;0,000;
Betula pubescens;16;2;11;1;27;3;0,061;0,061;0,000;0,000;0,000;0,000;0,000;0,000;1,000;1,000;0,091;0,091;0,000;0,000;0,025;0,004;0,000;0,046;0,000;0,000;0,000;0,000;0,098;0,098;0,000;0,000;0,000;0,006;0,000;0,000;0,091;0,468;0,000;0,000;0,000;0,000;0,000;0,000;0,000;0,000;0,000;1,000;1,000;0,091;0,091;0,000;0,000;0,000;0,000;0,000;0,000;0,000;0,000;0,000;0,000;0,000;0,000;0,000;0,000;0,000;0,000;0,000;0,000;0,091;0,364;0,000;
Betula utilis;35;3;10;1;45;4;0,008;0,008;0,000;0,000;0,000;0,333;0,500;0,500;0,125;0,125;0,060;0,060;0,000;0,005;0,029;0,017;0,004;0,089;0,000;0,000;0,000;0,000;0,033;0,033;0,000;0,000;0,067;0,000;0,000;0,000;0,100;0,553;0,000;0,000;0,000;0,000;0,000;0,000;0,000;0,000;0,000;0,000;0,000;0,000;0,000;0,000;0,000;0,000;0,000;0,000;0,000;0,000;0,000;0,000;0,000;0,000;0,000;0,000;0,000;0,000;0,000;0,000;0,000;0,100;0,300;0,000;
Blechnum spicant;0;0;0;0;0;0;;;;;;;;;;;;;;;;;;;;;;;;;;;;;;;;;;;;;;;;;;;;;;;;;;;;;;;;;;;;;;;;;;;
Broussonetia papyrifera;90;4;19;2;109;6;0,026;0,026;0,000;0,000;0,078;1,000;0,750;1,000;0,667;1,000;0,018;0,018;0,035;0,438;0,440;0,067;0,502;1,000;0,027;0,000;0,783;0,572;1,000;1,000;0,622;0,667;1,000;0,047;0,183;0,000;0,689;0,616;0,000;0,000;0,000;0,000;0,000;0,000;1,000;0,500;1,000;0,500;1,000;0,000;0,000;0,000;0,222;0,222;0,000;0,333;1,000;0,000;0,000;0,783;0,572;1,000;1,000;0,622;0,667;1,000;0,000;0,000;0,000;0,689;0,528;0,000;
Bryonia cretica;0;0;0;0;0;0;;;;;;;;;;;;;;;;;;;;;;;;;;;;;;;;;;;;;;;;;;;;;;;;;;;;;;;;;;;;;;;;;;;
Buddleja davidii;122;4;0;0;122;4;;;;;;;;;;;;;;;;;;;;;;;;;;;;;;;;;;;;;;;;;;;;;;;;;;;;;;;;;;;;;;;;;;;
Buxus sempervirens;297;8;10;1;307;9;0,007;0,007;0,000;0,000;0,000;1,000;1,000;0,250;0,059;0,062;0,000;0,000;0,003;0,118;0,115;0,015;0,021;0,470;0,000;0,000;0,000;0,000;0,791;0,791;0,000;0,000;1,000;0,024;0,126;0,083;0,300;0,582;0,000;0,000;0,000;0,000;0,000;0,000;1,000;1,000;0,000;0,000;0,000;0,000;0,000;0,000;0,000;0,000;0,000;0,000;0,300;0,000;0,000;0,000;0,000;0,700;0,700;0,000;0,000;1,000;0,000;0,000;0,000;0,300;0,500;0,000;
Cakile maritima;0;0;0;0;0;0;;;;;;;;;;;;;;;;;;;;;;;;;;;;;;;;;;;;;;;;;;;;;;;;;;;;;;;;;;;;;;;;;;;
Caltha palustris;0;0;0;0;0;0;;;;;;;;;;;;;;;;;;;;;;;;;;;;;;;;;;;;;;;;;;;;;;;;;;;;;;;;;;;;;;;;;;;
Calystegia soldanella;0;0;0;0;0;0;;;;;;;;;;;;;;;;;;;;;;;;;;;;;;;;;;;;;;;;;;;;;;;;;;;;;;;;;;;;;;;;;;;
Campanula trachelium;0;0;0;0;0;0;;;;;;;;;;;;;;;;;;;;;;;;;;;;;;;;;;;;;;;;;;;;;;;;;;;;;;;;;;;;;;;;;;;
Capparis spinosa;59;5;0;0;59;5;;;;;;;;;;;;;;;;;;;;;;;;;;;;;;;;;;;;;;;;;;;;;;;;;;;;;;;;;;;;;;;;;;;
Carpinus betulus;103;11;11;2;114;13;0,000;0,000;0,000;0,000;0,722;1,000;1,000;1,000;0,417;0,417;0,020;0,020;0,058;0,068;0,061;0,037;0,082;0,806;0,038;0,000;0,000;0,000;0,681;0,681;0,000;0,056;0,500;0,008;0,029;0,000;0,444;1,000;0,000;0,000;0,000;0,000;0,000;0,722;1,000;1,000;1,000;0,000;0,000;0,000;0,000;0,000;0,000;0,000;0,000;0,000;0,694;0,000;0,000;0,000;0,000;0,444;0,444;0,000;0,056;0,000;0,000;0,000;0,000;0,444;1,000;0,000;
Carthamus lanatus;0;0;0;0;0;0;;;;;;;;;;;;;;;;;;;;;;;;;;;;;;;;;;;;;;;;;;;;;;;;;;;;;;;;;;;;;;;;;;;
Castanea sativa;99;12;23;5;122;17;0,070;0,070;0,000;0,000;0,575;1,000;1,000;1,000;0,408;0,408;0,036;0,036;0,051;0,057;0,051;0,067;0,200;0,700;0,029;0,000;0,000;0,140;0,677;0,677;0,000;0,078;1,000;0,000;0,107;0,000;0,444;0,759;0,000;0,000;0,000;0,000;0,000;0,575;1,000;1,000;1,000;0,333;0,333;0,000;0,000;0,000;0,000;0,000;0,015;0,125;0,639;0,000;0,000;0,000;0,140;0,632;0,632;0,000;0,078;1,000;0,000;0,045;0,000;0,444;0,646;0,000;
Celtis australis;174;16;2;1;176;17;0,000;0,000;0,000;0,000;0,000;0,100;1,000;1,000;0,167;0,200;0,032;0,032;0,000;0,044;0,031;0,520;0,039;0,500;0,545;0,000;0,000;1,000;1,000;1,000;0,000;0,500;0,167;0,000;0,026;0,030;0,000;0,283;0,000;0,000;0,000;0,000;0,000;0,000;0,000;1,000;1,000;0,000;0,000;0,000;0,000;0,000;0,000;0,000;0,500;0,000;0,000;0,500;0,000;0,000;1,000;1,000;1,000;0,000;0,500;0,000;0,000;0,000;0,000;0,000;0,000;0,000;
Centaurea aspera;0;0;0;0;0;0;;;;;;;;;;;;;;;;;;;;;;;;;;;;;;;;;;;;;;;;;;;;;;;;;;;;;;;;;;;;;;;;;;;
Centaurea jacea;0;0;0;0;0;0;;;;;;;;;;;;;;;;;;;;;;;;;;;;;;;;;;;;;;;;;;;;;;;;;;;;;;;;;;;;;;;;;;;
Centaurea pectinata;0;0;0;0;0;0;;;;;;;;;;;;;;;;;;;;;;;;;;;;;;;;;;;;;;;;;;;;;;;;;;;;;;;;;;;;;;;;;;;
Cerasus mahaleb;55;2;0;0;55;2;;;;;;;;;;;;;;;;;;;;;;;;;;;;;;;;;;;;;;;;;;;;;;;;;;;;;;;;;;;;;;;;;;;
Cercis siliquastrum;127;12;11;4;138;16;0,008;0,008;0,000;0,000;0,139;1,000;1,000;1,000;1,000;1,000;0,005;0,005;0,149;0,118;0,112;0,513;0,454;0,944;0,806;0,000;0,500;0,500;0,881;0,881;0,500;0,500;1,000;0,035;0,074;1,000;0,611;0,958;0,000;0,000;0,000;0,000;0,000;0,056;1,000;1,000;1,000;1,000;1,000;0,000;0,000;0,000;0,000;0,000;0,389;0,333;0,917;0,694;0,000;0,500;0,500;0,833;0,833;0,500;0,500;1,000;0,000;0,000;1,000;0,611;0,917;0,000;
Cichorium intybus;0;0;0;0;0;0;;;;;;;;;;;;;;;;;;;;;;;;;;;;;;;;;;;;;;;;;;;;;;;;;;;;;;;;;;;;;;;;;;;
Cistus albidus;0;0;0;0;0;0;;;;;;;;;;;;;;;;;;;;;;;;;;;;;;;;;;;;;;;;;;;;;;;;;;;;;;;;;;;;;;;;;;;
Clematis vitalba;0;0;0;0;0;0;;;;;;;;;;;;;;;;;;;;;;;;;;;;;;;;;;;;;;;;;;;;;;;;;;;;;;;;;;;;;;;;;;;
Clinopodium vulgare;0;0;0;0;0;0;;;;;;;;;;;;;;;;;;;;;;;;;;;;;;;;;;;;;;;;;;;;;;;;;;;;;;;;;;;;;;;;;;;
Colutea arborescens;14;2;0;0;14;2;;;;;;;;;;;;;;;;;;;;;;;;;;;;;;;;;;;;;;;;;;;;;;;;;;;;;;;;;;;;;;;;;;;
Convolvulus arvensis;0;0;0;0;0;0;;;;;;;;;;;;;;;;;;;;;;;;;;;;;;;;;;;;;;;;;;;;;;;;;;;;;;;;;;;;;;;;;;;
Convolvulus cantabrica;0;0;0;0;0;0;;;;;;;;;;;;;;;;;;;;;;;;;;;;;;;;;;;;;;;;;;;;;;;;;;;;;;;;;;;;;;;;;;;
Cornus mas;65;5;6;2;71;7;0,000;0,000;0,000;0,000;0,063;0,750;1,000;1,000;0,250;0,292;0,159;0,159;0,033;0,411;0,417;0,024;0,505;0,875;0,035;0,010;0,500;0,500;0,875;0,875;0,500;0,500;0,667;0,020;0,019;0,047;0,125;0,812;0,010;0,000;0,000;0,000;0,000;0,000;0,500;1,000;1,000;0,000;0,000;0,000;0,000;0,000;0,375;0,375;0,000;0,500;0,750;0,000;0,000;0,500;0,500;0,750;0,750;0,500;0,500;0,500;0,000;0,000;0,000;0,125;0,625;0,000;
Cornus sanguinea;66;7;27;1;93;8;0,043;0,043;0,000;0,000;0,000;0,143;0,500;0,500;0,500;0,200;0,056;0,056;0,017;0,003;0,022;0,040;0,003;0,072;0,030;0,010;0,000;0,000;0,227;0,227;0,000;0,000;0,000;0,031;0,000;0,062;0,148;0,535;0,010;0,000;0,000;0,000;0,000;0,000;0,000;0,000;0,000;0,000;0,000;0,037;0,037;0,000;0,000;0,000;0,000;0,000;0,000;0,000;0,000;0,000;0,000;0,000;0,000;0,000;0,000;0,000;0,000;0,000;0,000;0,148;0,333;0,000;
Corylus avellana;135;19;0;0;135;19;;;;;;;;;;;;;;;;;;;;;;;;;;;;;;;;;;;;;;;;;;;;;;;;;;;;;;;;;;;;;;;;;;;
Cotinus coggygria;144;5;6;1;150;6;0,045;0,045;0,000;0,000;0,000;1,000;1,000;1,000;0,167;0,067;0,024;0,024;0,008;0,035;0,031;0,110;0,192;0,625;0,026;0,010;0,000;0,333;0,742;0,742;0,000;0,167;1,000;0,044;0,131;0,000;0,167;0,625;0,010;0,000;0,000;0,000;0,000;0,000;1,000;1,000;1,000;0,000;0,000;0,000;0,000;0,000;0,000;0,000;0,000;0,167;0,333;0,000;0,000;0,000;0,333;0,667;0,667;0,000;0,167;1,000;0,000;0,000;0,000;0,167;0,500;0,000;
Crataegus azarolus;42;2;0;0;42;2;;;;;;;;;;;;;;;;;;;;;;;;;;;;;;;;;;;;;;;;;;;;;;;;;;;;;;;;;;;;;;;;;;;
Crataegus laevigata;37;3;13;1;50;4;0,008;0,008;0,000;0,000;0,000;0,000;0,111;0,000;0,083;0,083;0,033;0,033;0,000;0,108;0,231;0,028;0,962;0,962;0,000;0,011;1,000;0,462;0,962;0,962;1,000;0,769;0,000;0,000;0,014;0,077;0,154;0,251;0,011;0,000;0,000;0,000;0,000;0,000;0,000;0,000;0,000;0,000;0,000;0,000;0,000;0,000;0,000;0,000;0,000;0,923;0,923;0,000;0,000;1,000;0,462;0,923;0,923;1,000;0,769;0,000;0,000;0,000;0,000;0,154;0,000;0,000;
Crataegus monogyna;105;13;90;4;195;17;0,014;0,014;0,000;0,000;0,174;1,000;1,000;1,000;1,000;1,000;0,031;0,031;0,052;0,107;0,111;0,645;0,115;0,981;0,156;0,011;0,105;0,257;0,748;0,748;0,100;0,286;1,000;0,039;0,035;0,000;0,888;0,980;0,011;0,004;0,004;0,000;0,000;0,152;1,000;1,000;1,000;1,000;1,000;0,000;0,000;0,007;0,000;0,000;0,533;0,000;0,964;0,000;0,000;0,105;0,257;0,496;0,496;0,100;0,286;1,000;0,031;0,000;0,000;0,888;0,964;0,000;
Crithmum maritimum;0;0;0;0;0;0;;;;;;;;;;;;;;;;;;;;;;;;;;;;;;;;;;;;;;;;;;;;;;;;;;;;;;;;;;;;;;;;;;;
Cyanus montanus;0;0;0;0;0;0;;;;;;;;;;;;;;;;;;;;;;;;;;;;;;;;;;;;;;;;;;;;;;;;;;;;;;;;;;;;;;;;;;;
Cymbalaria muralis;0;0;0;0;0;0;;;;;;;;;;;;;;;;;;;;;;;;;;;;;;;;;;;;;;;;;;;;;;;;;;;;;;;;;;;;;;;;;;;
Dactylorhiza fuchsii;0;0;0;0;0;0;;;;;;;;;;;;;;;;;;;;;;;;;;;;;;;;;;;;;;;;;;;;;;;;;;;;;;;;;;;;;;;;;;;
Dactylorhiza maculata;0;0;0;0;0;0;;;;;;;;;;;;;;;;;;;;;;;;;;;;;;;;;;;;;;;;;;;;;;;;;;;;;;;;;;;;;;;;;;;
Daphne cneorum;157;4;0;0;157;4;;;;;;;;;;;;;;;;;;;;;;;;;;;;;;;;;;;;;;;;;;;;;;;;;;;;;;;;;;;;;;;;;;;
Diospyros kaki;95;8;0;0;95;8;;;;;;;;;;;;;;;;;;;;;;;;;;;;;;;;;;;;;;;;;;;;;;;;;;;;;;;;;;;;;;;;;;;
Dipsacus fullonum;0;0;0;0;0;0;;;;;;;;;;;;;;;;;;;;;;;;;;;;;;;;;;;;;;;;;;;;;;;;;;;;;;;;;;;;;;;;;;;
Dryas octopetala;0;0;0;0;0;0;;;;;;;;;;;;;;;;;;;;;;;;;;;;;;;;;;;;;;;;;;;;;;;;;;;;;;;;;;;;;;;;;;;
Echinophora spinosa;0;0;0;0;0;0;;;;;;;;;;;;;;;;;;;;;;;;;;;;;;;;;;;;;;;;;;;;;;;;;;;;;;;;;;;;;;;;;;;
Echium vulgare;0;0;0;0;0;0;;;;;;;;;;;;;;;;;;;;;;;;;;;;;;;;;;;;;;;;;;;;;;;;;;;;;;;;;;;;;;;;;;;
Elaeagnus angustifolia;44;4;0;0;44;4;;;;;;;;;;;;;;;;;;;;;;;;;;;;;;;;;;;;;;;;;;;;;;;;;;;;;;;;;;;;;;;;;;;
Epilobium angustifolium;0;0;0;0;0;0;;;;;;;;;;;;;;;;;;;;;;;;;;;;;;;;;;;;;;;;;;;;;;;;;;;;;;;;;;;;;;;;;;;
Epilobium hirsutum;0;0;0;0;0;0;;;;;;;;;;;;;;;;;;;;;;;;;;;;;;;;;;;;;;;;;;;;;;;;;;;;;;;;;;;;;;;;;;;
Epipactis atrorubens;0;0;0;0;0;0;;;;;;;;;;;;;;;;;;;;;;;;;;;;;;;;;;;;;;;;;;;;;;;;;;;;;;;;;;;;;;;;;;;
Epipactis helleborine;0;0;0;0;0;0;;;;;;;;;;;;;;;;;;;;;;;;;;;;;;;;;;;;;;;;;;;;;;;;;;;;;;;;;;;;;;;;;;;
Eriobotrya japonica;56;5;15;1;71;6;0,044;0,044;0,000;0,000;0,133;0,200;1,000;1,000;0,200;0,500;0,013;0,013;0,002;0,007;0,020;0,016;0,007;0,261;0,043;0,011;0,000;0,067;0,416;0,416;0,000;0,000;0,250;0,014;0,014;0,036;0,400;0,867;0,011;0,000;0,000;0,000;0,000;0,133;0,000;1,000;1,000;0,000;0,000;0,000;0,000;0,000;0,000;0,000;0,000;0,000;0,000;0,000;0,000;0,000;0,067;0,133;0,133;0,000;0,000;0,000;0,000;0,000;0,000;0,400;0,800;0,000;
Eryngium maritimum;0;0;0;0;0;0;;;;;;;;;;;;;;;;;;;;;;;;;;;;;;;;;;;;;;;;;;;;;;;;;;;;;;;;;;;;;;;;;;;
Euonymus europaeus;31;4;0;0;31;4;;;;;;;;;;;;;;;;;;;;;;;;;;;;;;;;;;;;;;;;;;;;;;;;;;;;;;;;;;;;;;;;;;;
Euonymus latifolius;0;0;0;0;0;0;;;;;;;;;;;;;;;;;;;;;;;;;;;;;;;;;;;;;;;;;;;;;;;;;;;;;;;;;;;;;;;;;;;
Eupatorium cannabinum;2;1;0;0;2;1;;;;;;;;;;;;;;;;;;;;;;;;;;;;;;;;;;;;;;;;;;;;;;;;;;;;;;;;;;;;;;;;;;;
Euphorbia characias;205;6;0;0;205;6;;;;;;;;;;;;;;;;;;;;;;;;;;;;;;;;;;;;;;;;;;;;;;;;;;;;;;;;;;;;;;;;;;;
Euphorbia lathyris;0;0;0;0;0;0;;;;;;;;;;;;;;;;;;;;;;;;;;;;;;;;;;;;;;;;;;;;;;;;;;;;;;;;;;;;;;;;;;;
Euphorbia nicaeensis;0;0;0;0;0;0;;;;;;;;;;;;;;;;;;;;;;;;;;;;;;;;;;;;;;;;;;;;;;;;;;;;;;;;;;;;;;;;;;;
Euphorbia paralias;0;0;0;0;0;0;;;;;;;;;;;;;;;;;;;;;;;;;;;;;;;;;;;;;;;;;;;;;;;;;;;;;;;;;;;;;;;;;;;
Fagus sylvatica;76;6;15;2;91;8;0,016;0,016;0,000;0,000;0,250;0,625;0,571;1,000;0,288;0,306;0,018;0,018;0,000;0,077;0,074;0,047;0,045;0,149;0,041;0,012;0,000;0,000;0,394;0,394;0,000;0,000;0,333;0,104;0,043;0,000;0,150;0,637;0,012;0,000;0,000;0,000;0,000;0,250;0,500;0,500;1,000;0,000;0,000;0,000;0,000;0,000;0,000;0,000;0,000;0,000;0,000;0,000;0,000;0,000;0,000;0,300;0,300;0,000;0,000;0,000;0,100;0,000;0,000;0,150;0,400;0,000;
Ficus carica;100;9;9;1;109;10;0,000;0,000;0,000;0,000;0,000;1,000;1,000;1,000;1,000;1,000;0,015;0,015;0,083;0,033;0,032;0,129;0,075;0,833;0,034;0,012;0,111;0,000;0,901;0,901;0,111;0,111;1,000;0,000;0,024;0,040;0,444;0,852;0,012;0,000;0,000;0,000;0,000;0,000;1,000;1,000;1,000;1,000;1,000;0,000;0,000;0,000;0,000;0,000;0,000;0,000;0,667;0,000;0,000;0,111;0,000;0,889;0,889;0,111;0,111;1,000;0,000;0,000;0,000;0,444;0,778;0,000;
Frangula dodonei;13;2;0;0;13;2;;;;;;;;;;;;;;;;;;;;;;;;;;;;;;;;;;;;;;;;;;;;;;;;;;;;;;;;;;;;;;;;;;;
Fraxinus angustifolia;117;8;12;1;129;9;0,000;0,000;0,000;0,000;0,958;1,000;1,000;0,500;1,000;1,000;0,000;0,000;0,055;0,396;0,378;0,017;0,542;0,958;0,021;0,009;0,667;0,750;1,000;1,000;0,583;0,750;0,250;0,009;0,000;0,000;0,917;0,750;0,011;0,000;0,000;0,000;0,000;0,917;1,000;1,000;0,000;1,000;1,000;0,000;0,000;0,000;0,000;0,000;0,000;0,167;0,917;0,000;0,000;0,667;0,750;1,000;1,000;0,583;0,750;0,000;0,000;0,000;0,000;0,917;0,500;0,000;
Fraxinus excelsior;28;5;0;0;28;5;;;;;;;;;;;;;;;;;;;;;;;;;;;;;;;;;;;;;;;;;;;;;;;;;;;;;;;;;;;;;;;;;;;
Fraxinus ornus;47;3;9;1;56;4;0,022;0,022;0,000;0,000;0,259;0,200;0,167;0,200;0,500;0,500;0,007;0,007;0,078;0,129;0,133;0,014;0,265;0,889;0,014;0,012;0,000;0,333;0,778;0,778;0,000;0,222;0,143;0,000;0,007;0,000;0,000;0,200;0,012;0,000;0,000;0,000;0,000;0,222;0,000;0,000;0,000;0,000;0,000;0,000;0,000;0,000;0,000;0,000;0,000;0,000;0,778;0,000;0,000;0,000;0,333;0,556;0,556;0,000;0,222;0,000;0,000;0,000;0,000;0,000;0,000;0,000;
Gagea bohemica;0;0;0;0;0;0;;;;;;;;;;;;;;;;;;;;;;;;;;;;;;;;;;;;;;;;;;;;;;;;;;;;;;;;;;;;;;;;;;;
Gagea granatelli;0;0;0;0;0;0;;;;;;;;;;;;;;;;;;;;;;;;;;;;;;;;;;;;;;;;;;;;;;;;;;;;;;;;;;;;;;;;;;;
Gentiana pneumonanthe;0;0;0;0;0;0;;;;;;;;;;;;;;;;;;;;;;;;;;;;;;;;;;;;;;;;;;;;;;;;;;;;;;;;;;;;;;;;;;;
Gentiana purpurea;0;0;0;0;0;0;;;;;;;;;;;;;;;;;;;;;;;;;;;;;;;;;;;;;;;;;;;;;;;;;;;;;;;;;;;;;;;;;;;
Gentiana verna;0;0;0;0;0;0;;;;;;;;;;;;;;;;;;;;;;;;;;;;;;;;;;;;;;;;;;;;;;;;;;;;;;;;;;;;;;;;;;;
Gentianella ciliata;0;0;0;0;0;0;;;;;;;;;;;;;;;;;;;;;;;;;;;;;;;;;;;;;;;;;;;;;;;;;;;;;;;;;;;;;;;;;;;
Geranium sylvaticum;0;0;0;0;0;0;;;;;;;;;;;;;;;;;;;;;;;;;;;;;;;;;;;;;;;;;;;;;;;;;;;;;;;;;;;;;;;;;;;
Ginkgo biloba;108;13;0;0;108;13;;;;;;;;;;;;;;;;;;;;;;;;;;;;;;;;;;;;;;;;;;;;;;;;;;;;;;;;;;;;;;;;;;;
Gladiolus italicus;0;0;0;0;0;0;;;;;;;;;;;;;;;;;;;;;;;;;;;;;;;;;;;;;;;;;;;;;;;;;;;;;;;;;;;;;;;;;;;
Glaucium flavum;0;0;0;0;0;0;;;;;;;;;;;;;;;;;;;;;;;;;;;;;;;;;;;;;;;;;;;;;;;;;;;;;;;;;;;;;;;;;;;
Gleditsia triacanthos;65;4;17;2;82;6;0,019;0,019;0,000;0,000;0,378;0,667;0,375;1,000;0,050;0,050;0,019;0,019;0,028;0,084;0,087;0,016;0,564;0,401;0,053;0,013;0,375;0,583;0,951;0,951;0,313;0,313;0,167;0,010;0,040;0,000;0,528;1,000;0,013;0,000;0,000;0,000;0,000;0,347;0,500;0,000;1,000;0,000;0,000;0,000;0,000;0,000;0,000;0,000;0,000;0,438;0,167;0,000;0,000;0,375;0,583;0,944;0,944;0,312;0,312;0,000;0,000;0,000;0,000;0,528;1,000;0,000;
Globularia alypum;0;0;0;0;0;0;;;;;;;;;;;;;;;;;;;;;;;;;;;;;;;;;;;;;;;;;;;;;;;;;;;;;;;;;;;;;;;;;;;
Globularia bisnagarica;0;0;0;0;0;0;;;;;;;;;;;;;;;;;;;;;;;;;;;;;;;;;;;;;;;;;;;;;;;;;;;;;;;;;;;;;;;;;;;
Globularia repens;0;0;0;0;0;0;;;;;;;;;;;;;;;;;;;;;;;;;;;;;;;;;;;;;;;;;;;;;;;;;;;;;;;;;;;;;;;;;;;
Hedera helix;180;14;65;8;245;22;0,018;0,018;0,000;0,000;0,327;0,683;0,758;0,808;0,747;0,747;0,039;0,039;0,283;0,211;0,224;0,097;0,115;0,717;0,051;0,013;0,384;0,535;0,674;0,674;0,384;0,493;0,758;0,047;0,006;0,000;0,381;0,519;0,013;0,010;0,010;0,000;0,000;0,314;0,667;0,667;0,667;0,667;0,667;0,006;0,006;0,058;0,128;0,134;0,006;0,054;0,574;0,007;0,000;0,384;0,535;0,539;0,539;0,384;0,493;0,667;0,000;0,006;0,000;0,381;0,494;0,000;
Helianthemum apenninum;0;0;0;0;0;0;;;;;;;;;;;;;;;;;;;;;;;;;;;;;;;;;;;;;;;;;;;;;;;;;;;;;;;;;;;;;;;;;;;
Helleborus foetidus;0;0;0;0;0;0;;;;;;;;;;;;;;;;;;;;;;;;;;;;;;;;;;;;;;;;;;;;;;;;;;;;;;;;;;;;;;;;;;;
Himantoglossum hircinum;0;0;0;0;0;0;;;;;;;;;;;;;;;;;;;;;;;;;;;;;;;;;;;;;;;;;;;;;;;;;;;;;;;;;;;;;;;;;;;
Himantoglossum robertianum;0;0;0;0;0;0;;;;;;;;;;;;;;;;;;;;;;;;;;;;;;;;;;;;;;;;;;;;;;;;;;;;;;;;;;;;;;;;;;;
Hyacinthoides non-scripta;0;0;0;0;0;0;;;;;;;;;;;;;;;;;;;;;;;;;;;;;;;;;;;;;;;;;;;;;;;;;;;;;;;;;;;;;;;;;;;
Hyoscyamus albus;0;0;0;0;0;0;;;;;;;;;;;;;;;;;;;;;;;;;;;;;;;;;;;;;;;;;;;;;;;;;;;;;;;;;;;;;;;;;;;
Ilex aquifolium;77;5;9;2;86;7;0,000;0,000;0,000;0,000;0,167;0,267;0,100;0,167;0,522;0,524;0,031;0,031;0,000;0,065;0,065;0,018;0,046;0,565;0,038;0,013;0,000;0,333;0,235;0,235;0,000;0,167;0,000;0,021;0,017;0,000;0,167;0,479;0,013;0,000;0,000;0,000;0,000;0,167;0,000;0,000;0,000;0,500;0,500;0,000;0,000;0,000;0,000;0,000;0,000;0,000;0,417;0,000;0,000;0,000;0,333;0,167;0,167;0,000;0,167;0,000;0,000;0,000;0,000;0,167;0,333;0,000;
Iris lutescens;0;0;0;0;0;0;;;;;;;;;;;;;;;;;;;;;;;;;;;;;;;;;;;;;;;;;;;;;;;;;;;;;;;;;;;;;;;;;;;
Juglans nigra;56;6;0;0;56;6;;;;;;;;;;;;;;;;;;;;;;;;;;;;;;;;;;;;;;;;;;;;;;;;;;;;;;;;;;;;;;;;;;;
Juglans regia;46;8;0;0;46;8;;;;;;;;;;;;;;;;;;;;;;;;;;;;;;;;;;;;;;;;;;;;;;;;;;;;;;;;;;;;;;;;;;;
Juniperus oxycedrus;164;4;0;0;164;4;;;;;;;;;;;;;;;;;;;;;;;;;;;;;;;;;;;;;;;;;;;;;;;;;;;;;;;;;;;;;;;;;;;
Koelreuteria paniculata;18;2;0;0;18;2;;;;;;;;;;;;;;;;;;;;;;;;;;;;;;;;;;;;;;;;;;;;;;;;;;;;;;;;;;;;;;;;;;;
Laburnum anagyroides;44;3;0;0;44;3;;;;;;;;;;;;;;;;;;;;;;;;;;;;;;;;;;;;;;;;;;;;;;;;;;;;;;;;;;;;;;;;;;;
Laurus nobilis;66;9;94;6;160;15;0,023;0,023;0,000;0,000;0,177;0,414;0,616;0,382;0,736;0,778;0,102;0,102;0,005;0,033;0,035;0,136;0,068;0,377;0,051;0,014;0,012;0,023;0,380;0,380;0,009;0,058;0,331;0,136;0,037;0,028;0,050;0,382;0,014;0,016;0,016;0,000;0,000;0,163;0,333;0,583;0,167;0,583;0,667;0,003;0,003;0,000;0,000;0,000;0,029;0,007;0,131;0,000;0,000;0,012;0,023;0,228;0,228;0,009;0,058;0,167;0,090;0,000;0,000;0,050;0,257;0,000;
Ligustrum vulgare;47;4;0;0;47;4;;;;;;;;;;;;;;;;;;;;;;;;;;;;;;;;;;;;;;;;;;;;;;;;;;;;;;;;;;;;;;;;;;;
Lilium martagon;0;0;0;0;0;0;;;;;;;;;;;;;;;;;;;;;;;;;;;;;;;;;;;;;;;;;;;;;;;;;;;;;;;;;;;;;;;;;;;
Limodorum abortivum;0;0;0;0;0;0;;;;;;;;;;;;;;;;;;;;;;;;;;;;;;;;;;;;;;;;;;;;;;;;;;;;;;;;;;;;;;;;;;;
Limonium vulgare;0;0;0;0;0;0;;;;;;;;;;;;;;;;;;;;;;;;;;;;;;;;;;;;;;;;;;;;;;;;;;;;;;;;;;;;;;;;;;;
Linum campanulatum;0;0;0;0;0;0;;;;;;;;;;;;;;;;;;;;;;;;;;;;;;;;;;;;;;;;;;;;;;;;;;;;;;;;;;;;;;;;;;;
Liquidambar styraciflua;51;7;10;3;61;10;0,003;0,003;0,000;0,000;0,417;1,000;1,000;1,000;0,278;0,278;0,090;0,090;0,208;0,023;0,019;0,022;0,023;0,146;0,045;0,015;0,000;0,000;0,385;0,385;0,000;0,000;0,528;0,000;0,002;0,035;0,792;0,979;0,015;0,000;0,000;0,000;0,000;0,417;1,000;1,000;1,000;0,000;0,000;0,000;0,000;0,167;0,000;0,000;0,000;0,000;0,000;0,000;0,000;0,000;0,000;0,000;0,000;0,000;0,000;0,333;0,000;0,000;0,000;0,792;0,958;0,000;
Liriodendron tulipifera;57;8;10;2;67;10;0,008;0,008;0,000;0,000;0,656;1,000;1,000;0,667;1,000;1,000;0,031;0,031;0,066;0,219;0,216;0,415;0,299;0,575;0,045;0,015;0,000;0,500;0,649;0,649;0,000;0,500;0,500;0,025;0,004;0,183;0,563;0,756;0,015;0,000;0,000;0,000;0,000;0,562;1,000;1,000;0,500;1,000;1,000;0,000;0,000;0,000;0,000;0,000;0,250;0,250;0,500;0,000;0,000;0,000;0,500;0,562;0,562;0,000;0,500;0,500;0,000;0,000;0,000;0,562;0,688;0,000;
Lithodora fruticosa;0;0;0;0;0;0;;;;;;;;;;;;;;;;;;;;;;;;;;;;;;;;;;;;;;;;;;;;;;;;;;;;;;;;;;;;;;;;;;;
Lythrum salicaria;0;0;0;0;0;0;;;;;;;;;;;;;;;;;;;;;;;;;;;;;;;;;;;;;;;;;;;;;;;;;;;;;;;;;;;;;;;;;;;
Magnolia grandiflora;64;6;10;1;74;7;0,000;0,000;0,000;0,000;0,350;0,143;0,333;0,500;0,333;0,125;0,032;0,032;0,006;0,049;0,073;0,032;0,145;0,589;0,036;0,015;0,000;0,200;0,419;0,419;0,000;0,200;1,000;0,003;0,014;0,500;0,400;0,444;0,015;0,000;0,000;0,000;0,000;0,300;0,000;0,000;0,000;0,000;0,000;0,000;0,000;0,000;0,000;0,000;0,000;0,000;0,400;0,000;0,000;0,000;0,200;0,200;0,200;0,000;0,200;1,000;0,000;0,000;0,000;0,400;0,300;0,000;
Malus sylvestris;36;3;11;1;47;4;0,023;0,023;0,000;0,000;0,045;0,083;0,500;0,333;0,048;0,050;0,012;0,012;0,000;0,004;0,004;0,005;0,003;0,241;0,000;0,015;0,000;0,000;0,254;0,254;0,000;0,000;0,125;0,003;0,027;0,000;0,182;0,955;0,015;0,000;0,000;0,000;0,000;0,000;0,000;0,000;0,000;0,000;0,000;0,000;0,000;0,000;0,000;0,000;0,000;0,000;0,091;0,000;0,000;0,000;0,000;0,091;0,091;0,000;0,000;0,000;0,000;0,000;0,000;0,182;0,909;0,000;
Malva dendromorpha;0;0;0;0;0;0;;;;;;;;;;;;;;;;;;;;;;;;;;;;;;;;;;;;;;;;;;;;;;;;;;;;;;;;;;;;;;;;;;;
Malva moschata;0;0;0;0;0;0;;;;;;;;;;;;;;;;;;;;;;;;;;;;;;;;;;;;;;;;;;;;;;;;;;;;;;;;;;;;;;;;;;;
Malva sylvestris;4;1;0;0;4;1;;;;;;;;;;;;;;;;;;;;;;;;;;;;;;;;;;;;;;;;;;;;;;;;;;;;;;;;;;;;;;;;;;;
Matthiola sinuata;0;0;0;0;0;0;;;;;;;;;;;;;;;;;;;;;;;;;;;;;;;;;;;;;;;;;;;;;;;;;;;;;;;;;;;;;;;;;;;
Melia azedarach;42;2;0;0;42;2;;;;;;;;;;;;;;;;;;;;;;;;;;;;;;;;;;;;;;;;;;;;;;;;;;;;;;;;;;;;;;;;;;;
Melittis melissophyllum;0;0;0;0;0;0;;;;;;;;;;;;;;;;;;;;;;;;;;;;;;;;;;;;;;;;;;;;;;;;;;;;;;;;;;;;;;;;;;;
Mespilus germanica;37;4;1;1;38;5;0,000;0,000;0,000;0,000;0,000;0,333;0,000;0,000;0,053;0,056;0,000;0,000;0,000;0,014;0,024;0,014;0,014;0,250;0,000;0,016;0,000;0,000;0,056;0,056;0,000;0,000;0,250;0,030;0,000;0,000;0,000;1,000;0,016;0,000;0,000;0,000;0,000;0,000;0,000;0,000;0,000;0,000;0,000;0,000;0,000;0,000;0,000;0,000;0,000;0,000;0,000;0,000;0,000;0,000;0,000;0,000;0,000;0,000;0,000;0,000;0,000;0,000;0,000;0,000;1,000;0,000;
Monotropa hypopitys;0;0;0;0;0;0;;;;;;;;;;;;;;;;;;;;;;;;;;;;;;;;;;;;;;;;;;;;;;;;;;;;;;;;;;;;;;;;;;;
Morus alba;81;5;0;0;81;5;;;;;;;;;;;;;;;;;;;;;;;;;;;;;;;;;;;;;;;;;;;;;;;;;;;;;;;;;;;;;;;;;;;
Myrtus communis;0;0;0;0;0;0;;;;;;;;;;;;;;;;;;;;;;;;;;;;;;;;;;;;;;;;;;;;;;;;;;;;;;;;;;;;;;;;;;;
Narcissus assoanus;0;0;0;0;0;0;;;;;;;;;;;;;;;;;;;;;;;;;;;;;;;;;;;;;;;;;;;;;;;;;;;;;;;;;;;;;;;;;;;
Narcissus dubius;0;0;0;0;0;0;;;;;;;;;;;;;;;;;;;;;;;;;;;;;;;;;;;;;;;;;;;;;;;;;;;;;;;;;;;;;;;;;;;
Narcissus poeticus;0;0;0;0;0;0;;;;;;;;;;;;;;;;;;;;;;;;;;;;;;;;;;;;;;;;;;;;;;;;;;;;;;;;;;;;;;;;;;;
Neottia nidus-avis;0;0;0;0;0;0;;;;;;;;;;;;;;;;;;;;;;;;;;;;;;;;;;;;;;;;;;;;;;;;;;;;;;;;;;;;;;;;;;;
Nerium oleander;131;7;17;3;148;10;0,010;0,010;0,000;0,000;0,383;0,500;1,000;0,750;0,833;0,714;0,018;0,018;0,003;0,055;0,045;0,065;0,048;0,505;0,031;0,008;0,083;0,492;0,596;0,596;0,042;0,483;1,000;0,091;0,092;0,048;0,417;0,938;0,008;0,000;0,000;0,000;0,000;0,383;0,000;1,000;0,667;0,667;0,667;0,000;0,000;0,000;0,000;0,000;0,000;0,000;0,375;0,000;0,000;0,083;0,492;0,483;0,483;0,042;0,483;1,000;0,083;0,042;0,000;0,417;0,875;0,000;
Olea europaea;225;11;36;3;261;14;0,022;0,022;0,000;0,000;0,204;1,000;0,833;1,000;0,722;0,467;0,001;0,001;0,153;0,214;0,220;0,042;0,292;0,839;0,068;0,017;0,364;0,699;0,868;0,868;0,394;0,713;0,833;0,017;0,006;0,100;0,429;0,784;0,017;0,000;0,000;0,000;0,000;0,186;1,000;0,667;1,000;0,667;0,333;0,000;0,000;0,014;0,111;0,139;0,000;0,056;0,779;0,000;0,000;0,364;0,699;0,848;0,848;0,394;0,713;0,667;0,014;0,000;0,000;0,429;0,660;0,000;
Ophrys apifera;0;0;0;0;0;0;;;;;;;;;;;;;;;;;;;;;;;;;;;;;;;;;;;;;;;;;;;;;;;;;;;;;;;;;;;;;;;;;;;
Ophrys lutea;0;0;0;0;0;0;;;;;;;;;;;;;;;;;;;;;;;;;;;;;;;;;;;;;;;;;;;;;;;;;;;;;;;;;;;;;;;;;;;
Orchis mascula;0;0;0;0;0;0;;;;;;;;;;;;;;;;;;;;;;;;;;;;;;;;;;;;;;;;;;;;;;;;;;;;;;;;;;;;;;;;;;;
Orchis purpurea;0;0;0;0;0;0;;;;;;;;;;;;;;;;;;;;;;;;;;;;;;;;;;;;;;;;;;;;;;;;;;;;;;;;;;;;;;;;;;;
Ostrya carpinifolia;20;3;2;1;22;4;0,000;0,000;0,000;0,000;0,000;0,333;0,333;0,000;1,000;1,000;0,021;0,021;0,000;0,000;0,014;0,000;0,000;0,012;0,000;0,017;0,000;0,000;0,350;0,350;0,000;0,000;0,250;0,076;0,000;0,029;0,000;0,500;0,017;0,000;0,000;0,000;0,000;0,000;0,000;0,000;0,000;1,000;1,000;0,000;0,000;0,000;0,000;0,000;0,000;0,000;0,000;0,000;0,000;0,000;0,000;0,000;0,000;0,000;0,000;0,000;0,000;0,000;0,000;0,000;0,000;0,000;
Paliurus spina-christi;73;6;1;1;74;7;0,000;0,000;0,000;0,000;0,000;0,000;0,000;0,000;0,029;0,038;0,000;0,000;0,000;0,025;0,024;0,013;0,030;0,000;0,077;0,018;0,000;0,000;0,014;0,014;0,000;0,000;0,000;0,000;0,000;0,000;0,000;0,333;0,018;0,000;0,000;0,000;0,000;0,000;0,000;0,000;0,000;0,000;0,000;0,000;0,000;0,000;0,000;0,000;0,000;0,000;0,000;0,000;0,000;0,000;0,000;0,000;0,000;0,000;0,000;0,000;0,000;0,000;0,000;0,000;0,000;0,000;
Papaver somniferum;0;0;0;0;0;0;;;;;;;;;;;;;;;;;;;;;;;;;;;;;;;;;;;;;;;;;;;;;;;;;;;;;;;;;;;;;;;;;;;
Pardoglossum cheirifolium;0;0;0;0;0;0;;;;;;;;;;;;;;;;;;;;;;;;;;;;;;;;;;;;;;;;;;;;;;;;;;;;;;;;;;;;;;;;;;;
Parnassia palustris;0;0;0;0;0;0;;;;;;;;;;;;;;;;;;;;;;;;;;;;;;;;;;;;;;;;;;;;;;;;;;;;;;;;;;;;;;;;;;;
Parthenocissus tricuspidata;4;1;0;0;4;1;;;;;;;;;;;;;;;;;;;;;;;;;;;;;;;;;;;;;;;;;;;;;;;;;;;;;;;;;;;;;;;;;;;
Phillyrea angustifolia;335;8;2;1;337;9;0,250;0,250;0,000;0,000;1,000;0,500;1,000;0,000;0,125;0,100;0,000;0,000;0,073;1,000;1,000;0,005;0,417;0,088;0,000;0,018;0,000;0,000;0,267;0,267;0,000;0,000;0,500;0,000;1,000;0,000;0,500;0,333;0,018;0,000;0,000;0,000;0,000;1,000;0,000;1,000;0,000;0,000;0,000;0,000;0,000;0,000;1,000;1,000;0,000;0,000;0,000;0,000;0,000;0,000;0,000;0,000;0,000;0,000;0,000;0,000;0,000;1,000;0,000;0,500;0,000;0,000;
Photinia serrulata;65;4;0;0;65;4;;;;;;;;;;;;;;;;;;;;;;;;;;;;;;;;;;;;;;;;;;;;;;;;;;;;;;;;;;;;;;;;;;;
Phytolacca americana;0;0;0;0;0;0;;;;;;;;;;;;;;;;;;;;;;;;;;;;;;;;;;;;;;;;;;;;;;;;;;;;;;;;;;;;;;;;;;;
Pinus halepensis;0;0;0;0;0;0;;;;;;;;;;;;;;;;;;;;;;;;;;;;;;;;;;;;;;;;;;;;;;;;;;;;;;;;;;;;;;;;;;;
Pistacia lentiscus;121;8;24;2;145;10;0,000;0,000;0,000;0,000;0,409;1,000;1,000;1,000;0,750;0,750;0,000;0,000;0,494;0,552;0,553;0,044;0,450;1,000;0,022;0,012;0,455;0,364;1,000;1,000;0,455;0,563;1,000;0,015;0,020;0,000;1,000;0,941;0,011;0,000;0,000;0,000;0,000;0,367;1,000;1,000;1,000;0,500;0,500;0,000;0,000;0,245;0,455;0,455;0,000;0,364;1,000;0,000;0,000;0,455;0,364;1,000;1,000;0,455;0,563;1,000;0,000;0,000;0,000;1,000;0,916;0,000;
Pistacia terebinthus;73;6;0;0;73;6;;;;;;;;;;;;;;;;;;;;;;;;;;;;;;;;;;;;;;;;;;;;;;;;;;;;;;;;;;;;;;;;;;;
Pittosporum tenuifolium;104;3;0;0;104;3;;;;;;;;;;;;;;;;;;;;;;;;;;;;;;;;;;;;;;;;;;;;;;;;;;;;;;;;;;;;;;;;;;;
Pittosporum tobira;107;4;4;1;111;5;0,000;0,000;0,000;0,000;0,000;1,000;1,000;1,000;1,000;1,000;0,014;0,014;0,000;0,037;0,028;0,154;0,032;0,208;0,055;0,020;0,000;0,000;0,675;0,675;0,000;0,000;1,000;0,000;0,045;0,000;0,500;0,550;0,020;0,000;0,000;0,000;0,000;0,000;1,000;1,000;1,000;1,000;1,000;0,000;0,000;0,000;0,000;0,000;0,000;0,000;0,000;0,000;0,000;0,000;0,000;0,500;0,500;0,000;0,000;1,000;0,000;0,000;0,000;0,500;0,250;0,000;
Plantago media;0;0;0;0;0;0;;;;;;;;;;;;;;;;;;;;;;;;;;;;;;;;;;;;;;;;;;;;;;;;;;;;;;;;;;;;;;;;;;;
Platanus x hispanica;102;7;9;3;111;10;0,008;0,008;0,000;0,000;0,056;0,750;0,667;0,733;1,000;1,000;0,030;0,030;0,111;0,076;0,068;0,153;0,177;0,667;0,128;0,020;0,167;0,167;1,000;1,000;0,167;0,278;0,708;0,193;0,000;0,131;0,944;0,667;0,020;0,000;0,000;0,000;0,000;0,000;0,667;0,667;0,667;1,000;1,000;0,000;0,000;0,000;0,000;0,000;0,000;0,111;0,500;0,000;0,000;0,167;0,167;1,000;1,000;0,167;0,278;0,667;0,000;0,000;0,000;0,944;0,667;0,000;
Populus alba;166;7;30;2;196;9;0,017;0,017;0,000;0,000;0,100;1,000;0,550;0,125;0,150;0,125;0,050;0,050;0,035;0,051;0,044;0,071;0,032;0,201;0,048;0,021;0,000;0,000;0,403;0,403;0,000;0,000;0,500;0,037;0,034;0,000;0,033;0,194;0,021;0,000;0,000;0,000;0,000;0,100;1,000;0,500;0,000;0,000;0,000;0,033;0,033;0,000;0,000;0,000;0,000;0,000;0,033;0,000;0,000;0,000;0,000;0,333;0,333;0,000;0,000;0,500;0,000;0,000;0,000;0,033;0,067;0,000;
Populus nigra;219;11;0;0;219;11;;;;;;;;;;;;;;;;;;;;;;;;;;;;;;;;;;;;;;;;;;;;;;;;;;;;;;;;;;;;;;;;;;;
Populus tremula;81;9;0;0;81;9;;;;;;;;;;;;;;;;;;;;;;;;;;;;;;;;;;;;;;;;;;;;;;;;;;;;;;;;;;;;;;;;;;;
Populus trichocarpa;13;3;8;1;21;4;0,013;0,013;0,000;0,000;0,250;0,167;0,167;0,500;0,000;0,000;0,000;0,000;0,189;0,014;0,035;0,001;0,092;0,426;0,000;0,022;0,250;0,250;0,575;0,575;0,000;0,125;0,143;0,013;0,000;0,141;0,375;1,000;0,022;0,000;0,000;0,000;0,000;0,250;0,000;0,000;0,000;0,000;0,000;0,000;0,000;0,125;0,000;0,000;0,000;0,000;0,250;0,000;0,000;0,250;0,250;0,500;0,500;0,000;0,125;0,000;0,000;0,000;0,000;0,375;1,000;0,000;
Potentilla recta;0;0;0;0;0;0;;;;;;;;;;;;;;;;;;;;;;;;;;;;;;;;;;;;;;;;;;;;;;;;;;;;;;;;;;;;;;;;;;;
Prunus avium;70;8;0;0;70;8;;;;;;;;;;;;;;;;;;;;;;;;;;;;;;;;;;;;;;;;;;;;;;;;;;;;;;;;;;;;;;;;;;;
Prunus dulcis;40;4;58;2;98;6;0,025;0,025;0,000;0,000;0,509;0,667;1,000;1,000;0,750;1,000;0,013;0,013;0,055;0,060;0,061;0,021;0,364;0,913;0,043;0,023;0,585;0,175;0,936;0,936;0,585;0,594;1,000;0,001;0,002;0,025;0,285;0,902;0,023;0,009;0,009;0,000;0,000;0,389;0,500;1,000;1,000;0,500;1,000;0,000;0,000;0,000;0,000;0,000;0,000;0,219;0,858;0,000;0,000;0,585;0,175;0,906;0,906;0,585;0,594;1,000;0,000;0,000;0,000;0,285;0,811;0,000;
Prunus laurocerasus;78;4;34;3;112;7;0,020;0,020;0,000;0,000;0,150;0,111;0,026;0,200;0,057;0,052;0,012;0,012;0,042;0,111;0,103;0,018;0,057;0,524;0,013;0,024;0,015;0,067;0,561;0,561;0,045;0,264;0,000;0,008;0,021;0,030;0,182;0,439;0,024;0,015;0,015;0,000;0,000;0,133;0,000;0,000;0,000;0,000;0,000;0,000;0,000;0,000;0,033;0,033;0,000;0,000;0,367;0,000;0,000;0,015;0,067;0,467;0,467;0,045;0,264;0,000;0,000;0,000;0,000;0,182;0,215;0,000;
Prunus mahaleb;0;0;0;0;0;0;;;;;;;;;;;;;;;;;;;;;;;;;;;;;;;;;;;;;;;;;;;;;;;;;;;;;;;;;;;;;;;;;;;
Prunus padus;8;2;26;1;34;3;0,025;0,025;0,000;0,000;0,000;0,167;0,000;0,333;0,029;0,029;0,015;0,015;0,000;0,028;0,044;0,004;0,362;0,403;0,000;0,024;0,423;0,385;0,477;0,477;0,462;0,538;0,091;0,023;0,052;0,000;0,000;0,628;0,024;0,000;0,000;0,000;0,000;0,000;0,000;0,000;0,000;0,000;0,000;0,000;0,000;0,000;0,000;0,000;0,000;0,231;0,192;0,000;0,000;0,423;0,385;0,269;0,269;0,462;0,538;0,000;0,000;0,000;0,000;0,000;0,538;0,000;
Prunus serotina;26;2;0;0;26;2;;;;;;;;;;;;;;;;;;;;;;;;;;;;;;;;;;;;;;;;;;;;;;;;;;;;;;;;;;;;;;;;;;;
Prunus serrulata;29;1;0;0;29;1;;;;;;;;;;;;;;;;;;;;;;;;;;;;;;;;;;;;;;;;;;;;;;;;;;;;;;;;;;;;;;;;;;;
Prunus spinosa;22;2;0;0;22;2;;;;;;;;;;;;;;;;;;;;;;;;;;;;;;;;;;;;;;;;;;;;;;;;;;;;;;;;;;;;;;;;;;;
Pterocarya fraxinifolia;10;1;0;0;10;1;;;;;;;;;;;;;;;;;;;;;;;;;;;;;;;;;;;;;;;;;;;;;;;;;;;;;;;;;;;;;;;;;;;
Pulsatilla alpina;0;0;0;0;0;0;;;;;;;;;;;;;;;;;;;;;;;;;;;;;;;;;;;;;;;;;;;;;;;;;;;;;;;;;;;;;;;;;;;
Punica granatum;106;4;17;1;123;5;0,039;0,039;0,000;0,000;0,020;0,167;0,500;1,000;1,000;1,000;0,038;0,038;0,000;0,092;0,095;0,039;0,213;0,293;0,017;0,028;0,529;0,294;0,836;0,836;0,471;0,588;0,500;0,019;0,030;0,000;0,294;0,740;0,028;0,000;0,000;0,000;0,000;0,000;0,000;0,000;1,000;1,000;1,000;0,000;0,000;0,000;0,000;0,000;0,000;0,118;0,118;0,000;0,000;0,529;0,294;0,765;0,765;0,471;0,588;0,000;0,000;0,000;0,000;0,294;0,529;0,000;
Quercus cerris;48;10;7;2;55;12;0,000;0,000;0,000;0,000;0,319;0,500;0,500;0,500;0,250;0,083;0,003;0,003;0,002;0,000;0,000;0,019;0,000;0,132;0,000;0,029;0,000;0,000;0,105;0,105;0,000;0,000;0,500;0,009;0,034;0,000;0,167;1,000;0,029;0,000;0,000;0,000;0,000;0,083;0,500;0,500;0,500;0,000;0,000;0,000;0,000;0,000;0,000;0,000;0,000;0,000;0,000;0,000;0,000;0,000;0,000;0,000;0,000;0,000;0,000;0,500;0,000;0,000;0,000;0,167;1,000;0,000;
Quercus coccifera;49;3;21;2;70;5;0,024;0,024;0,000;0,000;0,000;0,625;0,600;0,750;0,417;0,300;0,019;0,019;0,016;0,062;0,060;0,016;0,040;0,617;0,001;0,029;0,088;0,088;0,611;0,611;0,088;0,235;0,167;0,003;0,000;0,000;0,000;0,641;0,029;0,000;0,000;0,000;0,000;0,000;0,500;0,500;0,500;0,000;0,000;0,000;0,000;0,000;0,000;0,000;0,000;0,000;0,360;0,000;0,000;0,088;0,088;0,353;0,353;0,088;0,235;0,000;0,000;0,000;0,000;0,000;0,449;0,000;
Quercus ilex;202;12;36;6;238;18;0,003;0,003;0,000;0,000;0,000;0,667;0,509;0,556;0,377;0,352;0,047;0,047;0,192;0,175;0,170;0,194;0,137;0,554;0,554;0,030;0,534;0,470;0,493;0,493;0,700;0,364;0,239;0,038;0,031;0,111;0,269;0,346;0,030;0,000;0,000;0,000;0,000;0,000;0,556;0,222;0,556;0,222;0,222;0,019;0,019;0,055;0,074;0,074;0,053;0,028;0,325;0,213;0,000;0,534;0,470;0,325;0,325;0,700;0,364;0,111;0,000;0,000;0,000;0,269;0,254;0,000;
Quercus palustris;34;6;0;0;34;6;;;;;;;;;;;;;;;;;;;;;;;;;;;;;;;;;;;;;;;;;;;;;;;;;;;;;;;;;;;;;;;;;;;
Quercus petraea;75;6;10;3;85;9;0,000;0,000;0,000;0,000;0,056;0,111;0,111;0,111;0,117;0,117;0,167;0,167;0,051;0,051;0,044;0,010;0,047;0,142;0,015;0,032;0,000;0,056;0,128;0,128;0,000;0,000;0,111;0,001;0,000;0,000;0,056;0,113;0,032;0,000;0,000;0,000;0,000;0,056;0,000;0,000;0,000;0,000;0,000;0,167;0,167;0,000;0,000;0,000;0,000;0,000;0,000;0,000;0,000;0,000;0,056;0,000;0,000;0,000;0,000;0,000;0,000;0,000;0,000;0,056;0,000;0,000;
Quercus pubescens;98;8;4;1;102;9;0,000;0,000;0,000;0,000;0,000;0,333;0,333;0,500;0,500;1,000;0,009;0,009;0,025;0,047;0,047;0,069;0,028;0,129;0,043;0,033;0,000;0,000;0,362;0,362;0,000;0,000;0,143;0,000;0,014;0,000;0,000;0,500;0,033;0,000;0,000;0,000;0,000;0,000;0,000;0,000;0,000;0,000;1,000;0,000;0,000;0,000;0,000;0,000;0,000;0,000;0,000;0,000;0,000;0,000;0,000;0,000;0,000;0,000;0,000;0,000;0,000;0,000;0,000;0,000;0,250;0,000;
Quercus robur;41;6;0;0;41;6;;;;;;;;;;;;;;;;;;;;;;;;;;;;;;;;;;;;;;;;;;;;;;;;;;;;;;;;;;;;;;;;;;;
Quercus rubra;41;6;3;2;44;8;0,000;0,000;0,000;0,000;0,250;1,000;0,750;0,500;0,500;0,250;0,010;0,010;0,000;0,132;0,130;0,015;0,508;0,583;0,000;0,036;0,000;0,250;0,514;0,514;0,000;0,250;1,000;0,000;0,100;0,000;0,250;0,458;0,036;0,000;0,000;0,000;0,000;0,250;1,000;0,500;0,500;0,500;0,000;0,000;0,000;0,000;0,000;0,000;0,000;0,500;0,500;0,000;0,000;0,000;0,250;0,500;0,500;0,000;0,250;1,000;0,000;0,000;0,000;0,250;0,000;0,000;
Ranunculus ficaria;0;0;0;0;0;0;;;;;;;;;;;;;;;;;;;;;;;;;;;;;;;;;;;;;;;;;;;;;;;;;;;;;;;;;;;;;;;;;;;
Rhamnus alaternus;115;6;0;0;115;6;;;;;;;;;;;;;;;;;;;;;;;;;;;;;;;;;;;;;;;;;;;;;;;;;;;;;;;;;;;;;;;;;;;
Rhamnus cathartica;43;2;0;0;43;2;;;;;;;;;;;;;;;;;;;;;;;;;;;;;;;;;;;;;;;;;;;;;;;;;;;;;;;;;;;;;;;;;;;
Rhus coriaria;178;4;0;0;178;4;;;;;;;;;;;;;;;;;;;;;;;;;;;;;;;;;;;;;;;;;;;;;;;;;;;;;;;;;;;;;;;;;;;
Rhus typhina;63;2;0;0;63;2;;;;;;;;;;;;;;;;;;;;;;;;;;;;;;;;;;;;;;;;;;;;;;;;;;;;;;;;;;;;;;;;;;;
Robinia pseudoacacia;100;14;1;1;101;15;0,000;0,000;0,000;0,000;1,000;0,500;0,500;0,500;0,500;0,500;0,000;0,000;0,091;0,053;0,038;0,024;0,125;0,250;0,333;0,043;0,000;0,000;1,000;1,000;1,000;0,000;0,167;0,027;0,000;0,026;1,000;1,000;0,043;0,000;0,000;0,000;0,000;1,000;0,000;0,000;0,000;0,000;0,000;0,000;0,000;0,000;0,000;0,000;0,000;0,000;0,000;0,000;0,000;0,000;0,000;1,000;1,000;1,000;0,000;0,000;0,000;0,000;0,000;1,000;1,000;0,000;
Rosa canina;0;0;0;0;0;0;;;;;;;;;;;;;;;;;;;;;;;;;;;;;;;;;;;;;;;;;;;;;;;;;;;;;;;;;;;;;;;;;;;
Rosa pendulina;0;0;0;0;0;0;;;;;;;;;;;;;;;;;;;;;;;;;;;;;;;;;;;;;;;;;;;;;;;;;;;;;;;;;;;;;;;;;;;
Rubus fruticosus;0;0;0;0;0;0;;;;;;;;;;;;;;;;;;;;;;;;;;;;;;;;;;;;;;;;;;;;;;;;;;;;;;;;;;;;;;;;;;;
Ruscus aculeatus;241;5;48;1;289;6;0,026;0,026;0,000;0,000;0,885;1,000;1,000;1,000;0,500;1,000;0,000;0,000;0,213;0,836;0,835;0,010;0,685;1,000;0,000;0,002;0,000;0,875;1,000;1,000;0,000;0,896;1,000;0,003;0,010;0,000;0,521;1,000;0,001;0,000;0,000;0,000;0,000;0,875;1,000;1,000;1,000;0,000;1,000;0,000;0,000;0,042;0,729;0,729;0,000;0,562;1,000;0,000;0,000;0,000;0,875;1,000;1,000;0,000;0,896;1,000;0,000;0,000;0,000;0,521;1,000;0,000;
Ruta montana;1;1;0;0;1;1;;;;;;;;;;;;;;;;;;;;;;;;;;;;;;;;;;;;;;;;;;;;;;;;;;;;;;;;;;;;;;;;;;;
Salix alba;14;2;0;0;14;2;;;;;;;;;;;;;;;;;;;;;;;;;;;;;;;;;;;;;;;;;;;;;;;;;;;;;;;;;;;;;;;;;;;
Salix caprea;28;2;0;0;28;2;;;;;;;;;;;;;;;;;;;;;;;;;;;;;;;;;;;;;;;;;;;;;;;;;;;;;;;;;;;;;;;;;;;
Salix cinerea;16;3;11;2;27;5;0,000;0,000;0,000;0,000;0,000;0,045;0,038;0,000;0,509;0,509;0,000;0,000;0,007;0,016;0,015;0,006;0,016;0,022;0,000;0,056;0,000;0,000;0,027;0,027;0,000;0,000;0,000;0,041;0,000;0,000;0,000;0,119;0,056;0,000;0,000;0,000;0,000;0,000;0,000;0,000;0,000;0,500;0,500;0,000;0,000;0,000;0,000;0,000;0,000;0,000;0,000;0,000;0,000;0,000;0,000;0,000;0,000;0,000;0,000;0,000;0,000;0,000;0,000;0,000;0,056;0,000;
Salix fragilis;29;3;23;1;52;4;0,046;0,046;0,000;0,000;0,000;0,000;0,250;0,000;0,333;0,125;0,007;0,007;0,000;0,006;0,034;0,009;0,006;0,033;0,000;0,059;0,000;0,000;0,023;0,023;0,000;0,000;0,000;0,030;0,034;0,000;0,043;0,094;0,059;0,000;0,000;0,000;0,000;0,000;0,000;0,000;0,000;0,000;0,000;0,000;0,000;0,000;0,000;0,000;0,000;0,000;0,000;0,000;0,000;0,000;0,000;0,000;0,000;0,000;0,000;0,000;0,000;0,000;0,000;0,043;0,000;0,000;
Salvia pratensis;0;0;0;0;0;0;;;;;;;;;;;;;;;;;;;;;;;;;;;;;;;;;;;;;;;;;;;;;;;;;;;;;;;;;;;;;;;;;;;
Sambucus nigra;15;2;0;0;15;2;;;;;;;;;;;;;;;;;;;;;;;;;;;;;;;;;;;;;;;;;;;;;;;;;;;;;;;;;;;;;;;;;;;
Saxifraga paniculata;0;0;0;0;0;0;;;;;;;;;;;;;;;;;;;;;;;;;;;;;;;;;;;;;;;;;;;;;;;;;;;;;;;;;;;;;;;;;;;
Scilla bifolia;0;0;0;0;0;0;;;;;;;;;;;;;;;;;;;;;;;;;;;;;;;;;;;;;;;;;;;;;;;;;;;;;;;;;;;;;;;;;;;
Scolymus hispanicus;0;0;0;0;0;0;;;;;;;;;;;;;;;;;;;;;;;;;;;;;;;;;;;;;;;;;;;;;;;;;;;;;;;;;;;;;;;;;;;
Sedum sediforme;0;0;0;0;0;0;;;;;;;;;;;;;;;;;;;;;;;;;;;;;;;;;;;;;;;;;;;;;;;;;;;;;;;;;;;;;;;;;;;
Senecio inaequidens;0;0;0;0;0;0;;;;;;;;;;;;;;;;;;;;;;;;;;;;;;;;;;;;;;;;;;;;;;;;;;;;;;;;;;;;;;;;;;;
Serapias lingua;0;0;0;0;0;0;;;;;;;;;;;;;;;;;;;;;;;;;;;;;;;;;;;;;;;;;;;;;;;;;;;;;;;;;;;;;;;;;;;
Silene dioica;0;0;0;0;0;0;;;;;;;;;;;;;;;;;;;;;;;;;;;;;;;;;;;;;;;;;;;;;;;;;;;;;;;;;;;;;;;;;;;
Smilax aspera;0;0;0;0;0;0;;;;;;;;;;;;;;;;;;;;;;;;;;;;;;;;;;;;;;;;;;;;;;;;;;;;;;;;;;;;;;;;;;;
Solanum dulcamara;0;0;0;0;0;0;;;;;;;;;;;;;;;;;;;;;;;;;;;;;;;;;;;;;;;;;;;;;;;;;;;;;;;;;;;;;;;;;;;
Solanum nigrum;0;0;0;0;0;0;;;;;;;;;;;;;;;;;;;;;;;;;;;;;;;;;;;;;;;;;;;;;;;;;;;;;;;;;;;;;;;;;;;
Soldanella alpina;0;0;0;0;0;0;;;;;;;;;;;;;;;;;;;;;;;;;;;;;;;;;;;;;;;;;;;;;;;;;;;;;;;;;;;;;;;;;;;
Sophora japonica;60;6;2;1;62;7;0,036;0,036;0,000;0,000;0,500;0,143;0,143;0,000;0,059;0,071;0,000;0,000;0,016;0,026;0,022;0,019;0,027;0,306;0,000;0,067;0,000;0,000;0,174;0,174;0,000;0,000;0,000;0,000;0,021;0,000;0,000;0,038;0,067;0,000;0,000;0,000;0,000;0,500;0,000;0,000;0,000;0,000;0,000;0,000;0,000;0,000;0,000;0,000;0,000;0,000;0,000;0,000;0,000;0,000;0,000;0,000;0,000;0,000;0,000;0,000;0,000;0,000;0,000;0,000;0,000;0,000;
Sorbus aria;39;4;2;1;41;5;0,000;0,000;0,000;0,000;0,000;0,125;0,000;0,091;0,167;0,200;0,015;0,015;0,069;0,018;0,015;0,011;0,068;0,255;0,000;0,071;0,000;0,000;0,091;0,091;0,000;0,000;0,083;0,000;0,000;0,333;0,000;0,750;0,071;0,000;0,000;0,000;0,000;0,000;0,000;0,000;0,000;0,000;0,000;0,000;0,000;0,000;0,000;0,000;0,000;0,000;0,000;0,000;0,000;0,000;0,000;0,000;0,000;0,000;0,000;0,000;0,000;0,000;0,000;0,000;0,500;0,000;
Sorbus aucuparia;7;3;0;0;7;3;;;;;;;;;;;;;;;;;;;;;;;;;;;;;;;;;;;;;;;;;;;;;;;;;;;;;;;;;;;;;;;;;;;
Sorbus domestica;41;3;0;0;41;3;;;;;;;;;;;;;;;;;;;;;;;;;;;;;;;;;;;;;;;;;;;;;;;;;;;;;;;;;;;;;;;;;;;
Sorbus intermedia;15;3;0;0;15;3;;;;;;;;;;;;;;;;;;;;;;;;;;;;;;;;;;;;;;;;;;;;;;;;;;;;;;;;;;;;;;;;;;;
Sorbus torminalis;38;3;2;1;40;4;0,000;0,000;0,000;0,000;0,000;1,000;1,000;0,500;1,000;1,000;0,000;0,000;0,042;0,062;0,062;0,019;0,158;0,083;0,000;0,100;0,000;0,000;0,142;0,142;0,000;0,000;1,000;0,022;0,000;0,000;0,000;0,750;0,100;0,000;0,000;0,000;0,000;0,000;1,000;1,000;0,000;1,000;1,000;0,000;0,000;0,000;0,000;0,000;0,000;0,000;0,000;0,000;0,000;0,000;0,000;0,000;0,000;0,000;0,000;1,000;0,000;0,000;0,000;0,000;0,500;0,000;
Stachys sylvatica;0;0;0;0;0;0;;;;;;;;;;;;;;;;;;;;;;;;;;;;;;;;;;;;;;;;;;;;;;;;;;;;;;;;;;;;;;;;;;;
Syringa vulgaris;96;13;1;1;97;14;0,000;0,000;0,000;0,000;1,000;1,000;1,000;1,000;1,000;1,000;0,000;0,000;0,036;0,067;0,062;0,062;1,000;1,000;0,032;0,111;1,000;1,000;1,000;1,000;1,000;1,000;1,000;0,000;1,000;0,053;1,000;1,000;0,111;0,000;0,000;0,000;0,000;1,000;1,000;1,000;1,000;1,000;1,000;0,000;0,000;0,000;0,000;0,000;0,000;1,000;1,000;0,000;0,000;1,000;1,000;1,000;1,000;1,000;1,000;1,000;0,000;1,000;0,000;1,000;1,000;0,000;
Taxus baccata;0;0;0;0;0;0;;;;;;;;;;;;;;;;;;;;;;;;;;;;;;;;;;;;;;;;;;;;;;;;;;;;;;;;;;;;;;;;;;;
Thalictrum aquilegiifolium;0;0;0;0;0;0;;;;;;;;;;;;;;;;;;;;;;;;;;;;;;;;;;;;;;;;;;;;;;;;;;;;;;;;;;;;;;;;;;;
Tilia cordata;26;3;0;0;26;3;;;;;;;;;;;;;;;;;;;;;;;;;;;;;;;;;;;;;;;;;;;;;;;;;;;;;;;;;;;;;;;;;;;
Tilia dasystyla;21;1;0;0;21;1;;;;;;;;;;;;;;;;;;;;;;;;;;;;;;;;;;;;;;;;;;;;;;;;;;;;;;;;;;;;;;;;;;;
Tilia platyphyllos;45;4;21;3;66;7;0,000;0,000;0,000;0,000;0,531;0,625;0,833;0,375;0,203;0,081;0,017;0,017;0,051;0,151;0,145;0,028;0,522;0,559;0,004;0,169;0,500;0,500;0,554;0,554;0,500;0,375;0,500;0,014;0,078;0,050;0,000;0,872;0,170;0,000;0,000;0,000;0,000;0,531;0,250;0,750;0,000;0,000;0,000;0,000;0,000;0,000;0,000;0,000;0,000;0,500;0,500;0,000;0,000;0,500;0,500;0,500;0,500;0,500;0,375;0,500;0,000;0,000;0,000;0,000;0,823;0,000;
Tussilago farfara;0;0;0;0;0;0;;;;;;;;;;;;;;;;;;;;;;;;;;;;;;;;;;;;;;;;;;;;;;;;;;;;;;;;;;;;;;;;;;;
Ulmus minor;351;10;28;2;379;12;0,003;0,003;0,000;0,000;0,000;1,000;1,000;1,000;0,208;0,208;0,002;0,002;0,029;0,009;0,019;0,156;0,010;0,625;0,046;0,133;0,000;0,000;1,000;1,000;0,000;0,000;0,750;0,013;0,002;0,000;0,463;1,000;0,130;0,000;0,000;0,000;0,000;0,000;1,000;1,000;1,000;0,000;0,000;0,000;0,000;0,000;0,000;0,000;0,074;0,000;0,500;0,019;0,000;0,000;0,000;1,000;1,000;0,000;0,000;0,500;0,000;0,000;0,000;0,463;1,000;0,000;
Verbascum lychnitis;0;0;0;0;0;0;;;;;;;;;;;;;;;;;;;;;;;;;;;;;;;;;;;;;;;;;;;;;;;;;;;;;;;;;;;;;;;;;;;
Verbascum pulverulentum;0;0;0;0;0;0;;;;;;;;;;;;;;;;;;;;;;;;;;;;;;;;;;;;;;;;;;;;;;;;;;;;;;;;;;;;;;;;;;;
Verbascum sinuatum;0;0;0;0;0;0;;;;;;;;;;;;;;;;;;;;;;;;;;;;;;;;;;;;;;;;;;;;;;;;;;;;;;;;;;;;;;;;;;;
Verbascum thapsus;0;0;0;0;0;0;;;;;;;;;;;;;;;;;;;;;;;;;;;;;;;;;;;;;;;;;;;;;;;;;;;;;;;;;;;;;;;;;;;
Verbena officinalis;0;0;0;0;0;0;;;;;;;;;;;;;;;;;;;;;;;;;;;;;;;;;;;;;;;;;;;;;;;;;;;;;;;;;;;;;;;;;;;
Viburnum lantana;33;3;7;1;40;4;0,143;0,143;0,000;0,000;0,000;0,000;0,000;0,000;0,500;0,500;0,000;0,000;0,027;0,002;0,010;0,009;0,002;0,018;0,004;0,250;0,000;0,000;0,030;0,030;0,000;0,000;0,000;0,012;0,015;0,037;0,000;0,414;0,250;0,143;0,143;0,000;0,000;0,000;0,000;0,000;0,000;0,000;0,000;0,000;0,000;0,000;0,000;0,000;0,000;0,000;0,000;0,000;0,000;0,000;0,000;0,000;0,000;0,000;0,000;0,000;0,000;0,000;0,000;0,000;0,286;0,000;
Viburnum opulus;72;8;4;1;76;9;0,000;0,000;0,000;0,000;0,500;1,000;1,000;1,000;0,500;0,500;0,028;0,028;0,074;0,072;0,061;0,032;0,052;0,875;0,020;0,333;0,000;0,000;0,875;0,875;0,000;0,000;1,000;0,000;0,050;0,292;1,000;1,000;0,333;0,000;0,000;0,000;0,000;0,500;1,000;1,000;1,000;0,000;0,000;0,000;0,000;0,000;0,000;0,000;0,000;0,000;0,750;0,000;0,000;0,000;0,000;0,750;0,750;0,000;0,000;1,000;0,000;0,000;0,000;1,000;1,000;0,000;
Viburnum tinus;181;11;35;4;216;15;0,002;0,002;0,000;0,000;0,003;0,611;0,833;0,833;0,381;0,556;0,010;0,010;0,059;0,059;0,064;0,063;0,036;0,329;0,132;0,500;0,033;0,178;0,403;0,403;0,044;0,094;1,000;0,024;0,013;0,032;0,106;0,378;0,500;0,000;0,000;0,000;0,000;0,000;0,333;0,667;0,667;0,000;0,333;0,000;0,000;0,000;0,011;0,011;0,000;0,000;0,236;0,000;0,000;0,033;0,178;0,308;0,308;0,044;0,094;1,000;0,000;0,000;0,000;0,106;0,128;0,000;
Viola biflora;0;0;0;0;0;0;;;;;;;;;;;;;;;;;;;;;;;;;;;;;;;;;;;;;;;;;;;;;;;;;;;;;;;;;;;;;;;;;;;
Vitex agnus-castus;77;8;6;1;83;9;0,000;0,000;0,000;0,000;1,000;1,000;1,000;1,000;1,000;1,000;0,014;0,014;0,101;0,000;0,000;0,043;0,000;0,917;0,005;0,000;0,000;0,000;1,000;1,000;0,000;0,000;1,000;0,011;0,000;0,021;0,667;1,000;0,000;0,000;0,000;0,000;0,000;1,000;1,000;1,000;1,000;1,000;1,000;0,000;0,000;0,000;0,000;0,000;0,000;0,000;0,833;0,000;0,000;0,000;0,000;1,000;1,000;0,000;0,000;1,000;0,000;0,000;0,000;0,667;1,000;0,000;
